x,y,immune,support,oxygen,blood,growth,type,cluster
79.65429868602328,18.34347898661638,42.36930416872411,86.84225061632877,55.41586578090814,49.379264098636156,29.94518555127686,stromal_heavy,0
70.80725777960456,2.0584494295802447,57.53598287518286,57.09560932988242,47.37415096410926,47.143099171229295,45.37958581126448,mixed,3
0.7066305219717406,2.3062425041415757,17.804470924719883,53.017206125190654,18.744780159571118,29.18066441752615,52.61835153422699,hypoxic,2
59.24145688620425,4.645041271999773,67.434904790236,54.24503211288849,51.87849009172836,46.99680655040598,48.54153125103362,mixed,3
24.102546602601173,68.32635188254582,65.65114096948518,61.865594573647094,48.06763524717722,44.206148790374584,52.830564133905206,mixed,3
52.00680211778108,54.67102793432797,26.47773274811705,51.09319158026931,24.408805194743053,24.954573285674464,52.08352893231556,hypoxic,2
53.969213238907976,58.67511656638482,30.48208239515129,52.09551052798822,15.234861053917488,24.76064698709093,50.62161613896741,hypoxic,2
0.5522117123602399,81.54614284548342,53.16608930556851,65.15499761247976,54.65640059558099,45.80391238388681,48.45393812074393,mixed,3
85.00385777897993,44.94506741382034,38.7712615628648,76.15166113166946,66.06086171066563,56.167484022715286,32.12922356527973,stromal_heavy,0
47.22149251619493,11.959424593830171,43.18976471612445,84.86481766877894,63.977977319479706,57.477171264417365,41.690906259966596,stromal_heavy,0
4.043358953843135,71.06628896857873,39.247330708701085,75.17221164052512,60.75244539055297,49.43289374326803,53.16764110306062,stromal_heavy,3
90.7566473926093,24.929222914887493,54.87454555594567,67.38947022370758,47.40864890863176,45.95753198553406,47.491214782077314,mixed,3
62.43540481337932,29.5633685837714,29.473714329994102,45.223267776411475,17.926176827972668,23.006295591970712,58.27959729344341,hypoxic,2
89.60912999234932,31.800347497186387,43.75392942794711,78.71684908653722,58.16087137933619,56.36866810069778,38.5402366458719,stromal_heavy,0
30.478125815802905,16.465585314294174,73.45024656393763,54.71831708240642,64.51867102359323,64.57442160963006,46.66969689884785,immune_active,1
51.87906217433661,70.30189588951778,57.43106254245877,61.28775195361382,49.62777042116917,40.40614392350479,49.867430622753915,mixed,3
99.77404850489418,26.6781014275285,79.67810974599517,41.724511675223646,69.59956332323756,58.793099341778934,57.167577436449605,immune_active,1
48.9452760277563,98.56504541106007,85.32896854274652,43.83648419353202,64.25103711252821,56.12331947021528,53.86570427944624,immune_active,1
80.31397563798959,47.03006344460384,39.772986723565815,81.08468363081171,62.562118661858015,52.71744345621218,40.14049731674101,stromal_heavy,0
4.077514155476392,59.08929431882418,54.014564683308485,52.24668284466934,50.34281487403014,44.688481431369475,52.36796215317591,mixed,3
39.75720210875223,51.77513505274801,82.40989569501447,44.63228179310161,65.81209304118443,63.3859303279105,59.3615955866036,immune_active,1
65.99840460341791,81.72222002012158,41.98186970032221,86.81943262208553,72.69581358134667,48.37754521085554,38.970666414522476,stromal_heavy,0
55.82934536070976,88.26363431893397,56.99301377214137,55.76692821567602,54.080763614406855,52.35853645763489,48.57255349506835,mixed,3
64.20316461542878,8.413996499504883,85.32646234422975,41.46536236649341,66.42824290986816,69.32887255572378,52.36916460455894,immune_active,1
99.44574626108206,17.592525267734537,59.97571527674485,58.08338346867048,47.687365698991236,44.437513228352756,54.33614749488222,mixed,3
56.830860333547164,9.367476782809248,64.7920691810665,53.15064471641852,46.14109625253371,54.39336774095448,48.80202745903095,mixed,3
43.43943655104287,35.00784076946757,46.822167236601594,85.860144519022,58.134404051748184,52.51798532072409,53.919690232449184,stromal_heavy,0
64.54722959071678,17.711067940704893,59.84406600916578,58.88268607337075,53.57000247046046,52.366188122867726,49.63585543671564,mixed,3
98.03315837160457,7.534625600612821,35.252404774105706,77.01551334218624,59.443980000948656,41.25465282914193,33.29298251026918,stromal_heavy,0
69.6029796674973,57.0061170089365,21.89152689528258,51.15476861472566,15.955315543048194,35.28711754431188,60.256804297398176,hypoxic,2
84.86697949246744,13.662133144202881,82.24887019244366,48.89462171942981,66.66528312521744,51.54090871874848,53.2839866558199,immune_active,1
51.13423988609378,50.15162946871996,52.82049590312984,62.85445255346583,55.677828200902994,54.770008817466014,53.25695625652899,mixed,3
88.66171489506598,2.7616771873704704,52.19721463781366,70.00174044553052,43.999341311349184,56.00690222108845,50.74916858169799,mixed,3
3.7348188749214417,82.26005606596583,80.70453684035661,35.53439863185388,68.32591376302634,67.8019007056644,50.64275500035541,immune_active,1
96.52518303907698,45.72651616137286,58.042990939590844,62.19011298710838,58.31884894724126,46.30381784272446,49.46402762419437,mixed,3
43.89714207056361,7.845638134226595,37.56891357123438,82.52493639490228,64.32877597085061,43.99851796472112,38.327493820795254,stromal_heavy,0
44.235222973110446,23.978735915740323,80.91927757204779,42.88948567549417,80.67320624003705,61.13424410990393,58.27730812689461,immune_active,1
24.773098950115745,35.597267865126156,37.68537288968176,78.81304019396666,69.36002840236152,49.90278929550226,35.337041717194595,stromal_heavy,0
34.63043210894008,46.46738129396114,37.89976267686242,80.69602055478408,60.00906805597338,53.77967640895826,49.667713147149954,stromal_heavy,0
7.056874740042984,64.24192782063156,62.06937418625404,60.349010424950094,48.073432015691196,50.56758672625624,53.31065337260523,mixed,3
57.33670416719333,12.850035323391019,32.40608864214063,52.335285863644444,25.68508709316729,32.23445072387034,54.275257399642996,hypoxic,2
6.9361300875165455,10.077800137742665,82.95658058463991,37.5678361697382,71.0379913064286,64.42495233593333,47.67735125677516,immune_active,1
34.062456946424,26.06945282359031,39.75640042867877,49.79957431313498,22.647177558269014,29.080541311359898,59.54960683409897,hypoxic,2
28.203457257130648,17.743954377972283,77.47059973382854,43.73646802561631,73.05185132716733,59.89549203017926,50.58663691654391,immune_active,1
25.001644921610467,58.05440123439099,30.90246252749774,55.35520762058754,23.822391176628557,24.444180936279512,55.68692439217226,hypoxic,2
90.25529066795667,50.525237244785714,33.95296994712073,47.38405953206445,24.745714938904992,28.803876010651223,64.26987355533927,hypoxic,2
95.85414968831984,84.71431440955898,61.96020944866298,59.37737376203158,48.998975521344654,60.123604990005035,45.733700289810116,mixed,3
29.321077169806454,32.8664545369916,79.92859726147452,45.79055436750034,73.95831346981468,63.12059908526078,53.1417275463214,immune_active,1
93.09291056872925,97.42482085344102,81.62259158187277,48.3764662483411,74.44492147138577,62.48032116612938,50.277860784719834,immune_active,1
70.096913145912,7.276300636419353,30.30116460744546,52.79554601307264,24.362707957152395,35.77177169204462,57.613091347123394,hypoxic,2
90.76937063485462,59.18887388212843,46.632519437183866,75.22804935713502,48.30201718178301,48.24231600689775,34.90329266379965,stromal_heavy,0
11.119748230615134,49.262510429085914,44.15979093287255,79.90743432003805,58.55670680539931,51.613592801690444,35.86384528223839,stromal_heavy,0
68.1039427096909,23.750647129246993,77.25370909229464,27.70403318960726,70.28706473878185,55.77946133795626,56.79408316666364,immune_active,1
96.98788267076391,4.315991195057611,78.5682674191704,40.3482633225944,74.91752153179233,62.368136938637825,50.271752889692856,immune_active,1
16.62154319092529,21.680910658649122,25.51381834319347,57.62914978625415,21.83454708548487,31.047484313161792,55.6221910598402,hypoxic,2
27.738118298113267,18.81211597237613,78.82575833205347,29.380521378450965,67.3712248915962,56.20433669223151,50.75196893238104,immune_active,1
25.99498628542627,45.324084682883104,88.63873813717129,32.53699317792154,66.76850250349625,57.982225215765446,58.42342482302811,immune_active,1
41.82430362906189,93.27284833540132,71.34842344787911,39.631944421040465,68.58889405506395,61.47738762211592,44.51327065716671,immune_active,1
39.29894489788591,82.91642207065144,36.52927023246253,80.54930036521624,61.71228459003757,59.55764803254714,41.59768789434357,stromal_heavy,0
76.89874151805105,94.47657298824281,40.96639030924693,77.74967264260378,63.114249661737496,44.66189785308703,39.288102574893536,stromal_heavy,0
27.473179702590876,20.722764900805647,41.679743714270806,82.47204643624914,59.99182016677951,47.8698383071779,46.3773162432681,stromal_heavy,0
85.21815003185401,55.190683877448556,29.542169696750815,55.132899232760394,20.830440662540756,24.898083763689225,58.65452781035525,hypoxic,2
42.05357786650751,78.46682639443095,45.74811539416541,82.62605856345473,61.167328982401216,54.01326127803715,40.27035437130243,stromal_heavy,0
39.22440450997323,43.747492202372904,31.201755780387387,48.65296582777721,23.58771127897981,37.51178526048014,60.37047390209887,hypoxic,2
29.795945154195046,52.36022760150112,64.84314242313673,63.22866394361624,56.060782166125506,49.2797535086274,50.6402053427923,mixed,3
32.875161028750824,63.34008543167258,27.593308253601375,49.38544346724272,19.623481726224384,24.49374047576444,62.43836637461647,hypoxic,2
41.166121435752814,87.43176048544171,62.33889773103855,60.075321907894974,43.17167606758172,52.520534298452674,47.48381257167126,mixed,3
17.70104842767468,8.87025337570556,35.22656396503805,49.46484820022721,14.823788387903129,27.23175347326409,54.010610537055754,hypoxic,2
33.00995133101554,32.1582764680029,29.79186982856538,45.49942170963043,20.612527491697595,39.86730445801279,58.1047117690884,hypoxic,2
27.687764814720374,80.62012797930613,74.70210426891676,36.317939138711765,72.89752200774927,57.26360081831239,43.85972990438188,immune_active,1
23.611653311740433,75.99554089375856,38.90364719072611,51.262398941717926,22.001094852035187,26.077440530933487,62.35913495633198,hypoxic,2
10.717201133977605,44.741236682345466,63.25532528335152,51.96776839871214,51.017318179336115,46.21824627357849,42.888731452011626,mixed,3
56.39650920188364,84.07099858779311,30.37632972964594,45.62495666270962,16.48724441439918,24.03369942180787,49.116593053639086,hypoxic,2
49.84421989290573,8.69202880874237,78.04482999384754,51.87164701746194,75.07266346343648,57.797477205632376,57.9101909148189,immune_active,1
37.87726259512893,33.74468338719181,41.12998637047015,84.19873718948857,59.94386278310181,41.810029821433055,42.482890794823994,stromal_heavy,0
10.178247262040374,15.285913918433202,79.02874305882983,36.746787154390866,67.56437308117651,57.03803037880566,45.68004615160092,immune_active,1
5.565348935697534,84.23140352981817,40.869831645847846,84.53935973621213,59.95604721848322,52.25705599323749,44.07925810244545,stromal_heavy,0
55.67628930139298,57.161268946989985,32.83377963459413,54.66506070194175,16.191325421360904,27.177214983652124,54.98976638185633,hypoxic,2
19.950692733831975,73.62471836984882,49.23490165723801,81.32977634677216,58.93263681546333,50.69253981194221,43.821260993045115,stromal_heavy,0
53.258943255158584,5.182353682242691,80.0539908240485,35.69793317358024,68.07722227885087,65.0314640460722,47.115540652384254,immune_active,1
13.882477344202037,0.27108994143296705,79.64162981721282,34.880907402554726,76.44203170089244,62.32258302621425,47.20129012635864,immune_active,1
73.08674752036443,93.83404568210378,87.52512557330411,42.44022039689375,77.900670475376,59.400745403172,50.5686473010649,immune_active,1
75.05019247653135,79.95371309195156,77.78783812544351,42.29355085779506,73.26699868957444,53.54437805525647,48.62977821384485,immune_active,1
39.244510742263536,81.65994394715771,33.04056945609167,39.80937732411073,14.95956844541298,20.646040394870724,58.24243257979346,hypoxic,2
43.874467538833905,57.74862709061257,33.94749420465316,71.93294672224604,56.26446055529868,50.274596493261285,41.210075720338985,stromal_heavy,0
93.98321236134751,62.770805307141785,22.347606284063737,45.625966431276495,17.998135634162235,32.54689058168053,66.23663527615862,hypoxic,2
74.14609111390455,57.315084925738866,64.85038888956863,63.603865245702885,48.23937639848163,47.873393829190775,49.7412050764735,mixed,3
34.20817487159075,82.12573046720128,39.20471534968604,48.65062532353314,15.106181421088463,27.77853369961944,61.88650246522426,hypoxic,2
40.89551770854932,77.18819805982451,40.136323524094394,79.32449846042532,68.53081986698855,52.5850786505898,45.90987024310907,stromal_heavy,0
90.84505613336283,58.339179476612046,31.79085922680674,45.54578328774461,8.376401692737993,30.90265420902716,73.21785791699276,hypoxic,2
25.60155318536622,72.60955860624007,75.62237486594067,41.02305104762456,66.98676097347342,66.50924584080047,46.86290557811262,immune_active,1
12.466268120326685,92.08418826173724,57.52305378534376,60.27862456144347,55.47095759235474,41.5376768514259,57.64775159730307,mixed,3
74.42496518432888,20.55798083756375,82.37659430106153,46.594193105453854,68.94991650812453,55.26230106357044,42.221250120641855,immune_active,1
45.221794088980715,22.460482293998197,26.0768217760895,74.37290496126556,59.25481666635235,49.966732726843816,33.404274773990274,stromal_heavy,0
3.3879160246594986,31.14731711327574,26.408482919146255,54.529438057452516,16.637660753147422,26.72445116404534,62.2269941220587,hypoxic,2
14.866272775311295,41.462412372702374,80.07105944408099,52.8667990162493,70.29609217007244,60.06964645956473,49.87937456444998,immune_active,1
79.97820220742695,34.9386999049333,51.28242007713771,77.13207420829953,65.43052763384827,48.02708840881702,31.746321402757193,stromal_heavy,0
45.32888347480276,52.439026932758004,43.50471130723039,69.60811672540528,53.79679961156214,44.11235817362532,41.01850899069425,stromal_heavy,0
33.43628113104822,7.550336380388922,75.85670981831103,44.60817359176924,70.31816620184277,64.75757031471477,56.11101673103968,immune_active,1
23.10747965880714,67.18927435987284,29.128382179566763,77.37739866860113,62.44687280613959,43.88936095554027,43.56499215086194,stromal_heavy,0
80.53149673579051,98.87287819554427,36.24902659705607,52.101622935922606,18.62095217199004,24.712343742833287,56.98281872548618,hypoxic,2
8.550853085446807,20.78862551460273,28.714388643763908,41.651104139658,28.823434671313592,23.792493845254388,55.91847295472577,hypoxic,2
36.30592121950905,3.4228110820529123,27.622347279178253,55.07843472531742,16.86344729161348,36.258257356999124,58.165134005598084,hypoxic,2
76.36057941597608,14.011317576645254,32.36198321419679,49.811826487875756,25.516509410082605,30.571138243310198,60.751508807309385,hypoxic,2
48.47783671503462,51.24576558819216,84.34870220114206,45.285624666781544,63.20826140356924,57.65280543295227,44.99641421028328,immune_active,1
52.56901823026858,17.16792858483035,39.26982688655939,41.85203507011836,22.759318276547504,40.02787022819977,63.58795789896525,hypoxic,2
72.02025816322958,10.657873012867435,27.87892217394107,46.76895319088501,24.556880979022818,25.417270876122803,63.55811325235412,hypoxic,2
17.53712786234496,91.44119459249598,73.33627764605858,30.795628843341774,63.60211516632149,56.875907111521606,50.130455251054165,immune_active,1
95.86271773132205,18.437092067896323,60.736039146848015,58.8872926391443,54.122076941287304,49.37693109328265,53.74017362980862,mixed,3
47.60504021990997,66.36711653626482,37.50485815282145,50.47660403473859,20.895183982744825,33.037834321656796,52.40410008506912,hypoxic,2
84.64078493145573,95.5236312723479,41.872925547254894,74.75585832959162,49.40321315980679,48.245673465132306,34.770436655714505,stromal_heavy,0
68.84023964277361,43.48273386037462,71.09721658394758,43.538759677277376,67.18766612052866,63.1620386952776,54.86277224813365,immune_active,1
0.5253818558384915,10.309374601374488,34.92861358411782,47.02767725930889,21.087539528467804,39.729356424138416,63.45810340475434,hypoxic,2
65.87833667107174,69.22765645178525,86.43074227553221,37.73127845731779,73.16470816896732,52.36724069151127,49.71047546331108,immune_active,1
5.159580665870999,66.99174645500392,30.517388826565927,47.32796656988316,10.237565634946588,28.6025046709998,61.7876312191861,hypoxic,2
92.43961953765304,97.10582451653677,37.06365291116911,79.80222423071673,63.40750348686312,50.14159188065231,40.14878069747873,stromal_heavy,0
52.243457607116895,64.45466506258222,23.62965507523338,57.070202305013844,15.721126252937143,43.70939170134958,60.39828928763794,hypoxic,2
72.47667715287615,6.535634079894237,35.066580180276766,52.06285198322061,10.351577018429213,26.747075792215718,65.21772954643276,hypoxic,2
52.016810987873185,42.68170566548643,28.909480508130287,54.97928764359247,21.280807292169122,29.900591948555675,63.20451924704618,hypoxic,2
99.79341105333374,35.071181545171015,39.14043314464121,77.41355774949814,67.0467372009279,61.49449061809625,38.18580719780171,stromal_heavy,0
27.168697106900407,39.828738397563555,58.668413357386484,56.67732535178894,58.6886471437223,50.842380797074924,49.955679886718116,mixed,3
28.723899165408174,29.630812045599008,59.32663622958701,50.3316084944622,43.96302084176813,44.64710960161416,53.413116182285734,mixed,3
79.79893221433834,25.898265160181367,31.370028925427857,50.251532613776604,21.2174786940395,34.64048888308097,59.51450216298338,hypoxic,2
94.27317741351257,64.96466489923685,60.271594432271186,61.44584321953909,62.276500699554475,46.81130007874342,47.34501522499091,mixed,3
3.6731937426613626,95.72702629833256,32.34281746685761,52.54094888746065,13.754124693379762,32.857403482884926,72.50849106430222,hypoxic,2
17.38952492194873,39.62420189026587,82.34810394687752,43.97953252423737,75.242654692538,61.718092947676084,48.11723674488867,immune_active,1
62.29373829351187,74.78716040922285,29.33470957664466,55.62839392184815,12.530851793928797,26.419719396330027,56.97686110699135,hypoxic,2
86.21276172654507,80.95160747248781,29.845246760340327,53.29272136336415,30.051022693831747,29.11526386252975,56.00851377730773,hypoxic,2
0.5082139818025966,69.57142928497501,40.22796082235025,76.84503935063026,64.53747384208629,50.1794727488385,49.32501616998737,stromal_heavy,0
56.5731963995791,26.70282701694213,64.10241219135612,61.20011368842523,51.52777160188629,54.66498321325284,52.1084246195613,mixed,3
16.04001053300721,33.40088787452379,41.58902584600942,76.85241725975457,60.97426410600924,49.20662778144682,39.79189253353743,stromal_heavy,0
82.58167505647627,12.886986747344519,42.78028323914428,86.03254483254179,55.91532164506382,51.84336654436451,38.0333059383632,stromal_heavy,0
75.66358037849346,25.868833069790796,33.262673468797395,40.53727007348018,18.584454993823734,25.589863293962857,58.045307151673875,hypoxic,2
54.12665786761103,96.29920038589947,36.647842164768704,86.04490972053233,52.79252875968192,50.87772914945254,42.042561741887134,stromal_heavy,0
94.7297888256338,16.637758693227234,33.759513090163495,54.88449539018533,16.52289185055012,29.792149512287377,70.10200981841056,hypoxic,2
75.82631959290225,2.458691645880151,56.30062861768306,67.8276201461717,49.67124869463506,47.22400236653401,59.40578534720295,mixed,3
46.85394167685843,94.43036349578298,36.49329867082168,50.53839934863303,24.170428593041514,27.526483155411086,56.38281592946588,hypoxic,2
27.32595269982093,95.08635622504103,43.65572764628804,78.88793610772217,54.2652068563328,49.42704849846016,43.16633751151788,stromal_heavy,0
96.45204722702086,76.00940784380971,30.766137827642993,77.16665293744947,65.81742729015629,45.35333902948863,36.09849173071547,stromal_heavy,0
65.1666825375885,36.852634372376116,83.20094911853562,39.58924410803716,75.58647915794064,61.71362673188852,52.28376609576892,immune_active,1
45.36936346052827,53.03543937282561,42.56917596532773,78.71594845790483,68.1905637477382,57.5051942000223,41.82753367413346,stromal_heavy,0
49.15945467414369,6.420893707513409,52.10138464644102,52.042976762518556,52.82350531268078,46.82697482353321,54.97876118340678,mixed,3
14.958064266756576,46.459859663581014,75.31488997800037,48.09401012510299,76.07577504435876,63.71042294261899,54.69924051764844,immune_active,1
24.204501586252746,98.66625932671465,84.23006772335634,39.98198730454716,64.20817655403728,67.51699150883576,54.386811452878355,immune_active,1
77.5804735792956,94.12375042323865,30.31251366624738,46.09762996837328,17.644459138486503,35.37562137608644,63.16058050634189,hypoxic,2
20.01502442448101,16.748258225906977,35.10616676069373,81.37755281174127,56.00727342196909,59.059900620674355,41.78962864345884,stromal_heavy,0
94.73504626310387,62.53046602139478,62.59033471922546,66.53993318570052,60.578778609583274,48.97372685192957,60.77942454412231,mixed,3
45.23182845183001,64.35776951965249,35.861196233791965,58.67981901582625,20.989553917313238,26.74290998192776,57.580570829728394,hypoxic,2
61.574202194224284,32.90174378146622,88.35760117702705,38.9798470950947,69.0697174742856,65.213825879222,52.52995554979767,immune_active,1
65.03256863469369,19.954245092914512,30.012943282702466,77.48872141902937,61.05797485190197,55.455230510823334,39.44633285459652,stromal_heavy,0
41.59073661469408,84.62452920190493,46.92221055842823,83.7872787465852,60.14298388359172,57.901162936754105,44.761467305186045,stromal_heavy,0
43.86154191895905,72.52576604151365,94.73106413331612,45.393404167156476,69.80745765249647,59.1368635002959,54.41829968743336,immune_active,1
99.21333163406723,28.3854528608645,23.613897670384585,42.25610088743894,26.23163442898727,29.365942510484892,63.746512086987515,hypoxic,2
90.9032520665641,17.968310887024195,56.41356025021961,61.619000638029725,48.54255010503255,41.74754394981119,49.74788574139256,mixed,3
40.50207990803215,59.291839983178185,69.05846028059513,64.42363210877069,51.34108404138848,46.43191722129618,45.63024827254287,mixed,3
65.67366645412922,32.51900642246949,31.8689114270563,77.66149399344054,61.73251940865358,49.76539710560408,42.385204136115604,stromal_heavy,0
88.37096696607526,44.20243737828575,37.04348392453984,70.23907389298277,55.565009696352334,52.120702095394954,50.948751439045935,stromal_heavy,3
70.67772168854458,16.704190790094987,53.70040016813422,64.23539504992517,56.1125045744344,56.07254642652674,49.55238694876047,mixed,3
44.636864651258556,86.42161776741689,67.92001802781849,71.53895847498035,48.391884319770185,47.74497484935036,50.74588630172468,mixed,3
45.21990282834353,93.38750175279048,37.61159927052896,80.39317595158045,50.00899657733946,54.581638373512405,41.73244237948996,stromal_heavy,0
25.422457989749326,52.17300466362131,42.13935338595193,69.56055482699696,56.33657904371191,52.52713573312409,42.999971039624185,stromal_heavy,0
44.375021930457116,86.81422543775054,75.94963457895255,42.73607969028502,65.41420097401982,59.8455618221421,60.017036335910525,immune_active,1
83.08771913417054,86.46088359550367,77.98982594827388,41.3951521273127,73.0901435549181,60.70518327911282,52.52969918266862,immune_active,1
10.659303030799073,65.7845304603036,84.95176705518753,39.67930826703504,71.6438120515174,61.606786077251364,52.109603771176424,immune_active,1
28.86855955306381,10.910963176574972,86.1159505271333,43.47116705242992,69.44238971170527,63.839069597381986,53.94950040018937,immune_active,1
12.020905537060845,54.448909796084955,78.04287241656633,33.60988708281812,61.78129642205971,55.57418250500076,57.76280907744821,immune_active,1
59.64854749854216,54.56868884954734,78.48484179500986,39.82648339985055,64.05756639036784,61.56039709409835,56.345885912715644,immune_active,1
37.978578017922985,86.33336495718252,83.48868564074726,27.502971425632133,81.45471286295371,53.05213766618202,41.77300626521554,immune_active,1
24.606965879799823,47.66954750411592,85.11220476196905,29.071447587623286,74.27450189810355,64.89705450417031,56.59382307863597,immune_active,1
0.756287497814212,64.7474714154603,40.434295815809016,78.73657155999518,61.96042264850435,49.055516561077624,42.7653663822024,stromal_heavy,0
16.633160774314216,61.73517574129742,40.24589461342411,51.3905300954598,20.288977927926098,33.848288756728124,55.85535959567039,hypoxic,2
71.61506742231936,27.262400073353376,30.817387395837265,45.08756303230845,18.876834250014877,32.75026049512276,55.15827772568183,hypoxic,2
79.97810954240217,18.4585129537033,34.74469994918797,46.689437415877954,15.886892922554495,29.248290387095484,57.69185204871769,hypoxic,2
63.31513755940223,95.14033422066571,85.76166304370751,46.03076697835296,71.91985776273431,58.58029094558733,52.00596108163445,immune_active,1
64.66059134228601,17.477344282737718,83.6987496993913,38.73126659586208,71.58371029402218,67.54831229198021,45.713627901291375,immune_active,1
82.26143185136785,42.37382536487628,54.70850197520436,56.63254687878066,51.39497081111901,45.823264733701215,60.72574563886694,mixed,3
15.298380082856266,23.52355848019848,29.59870476896227,55.46635452729965,13.440799359179156,30.721250114086953,54.68299177241074,hypoxic,2
54.669741271407005,23.194709611597542,36.299765410886145,87.2974680169176,51.573445306190294,51.57191747027424,39.98958101289908,stromal_heavy,0
59.70469168956917,67.5841245087376,30.658998000224276,70.12931275832057,65.21304417818243,47.40073304225623,31.754588330328886,stromal_heavy,0
27.416066655980586,7.9419368988986605,65.2286756627017,57.09159543025678,44.92621634653567,46.75361227466996,43.880298666188715,mixed,3
44.24099364806695,83.1863113251422,57.39543090331658,61.02714298135734,43.273157738822505,54.12007415299176,58.448184988473486,mixed,3
32.43337531153756,33.300191305819794,64.35288107907121,63.47498950388437,59.732714187573826,48.69750719030639,58.634169211093806,mixed,3
58.047500671667464,8.876739410776846,60.552452693497344,61.88980729968437,46.620068635128014,52.613889752329456,42.219966336131584,mixed,3
75.61633288952461,34.757152423898205,30.89047633673823,85.45655060297135,63.045690604535885,44.538436176637106,38.41795775152599,stromal_heavy,0
73.71802250072432,76.85998047885084,83.86553603347619,34.22410124429784,68.81709824635429,58.01803082476098,52.125894211373506,immune_active,1
82.60676302525283,78.20280876703859,81.67828994824448,34.64702830882199,65.55126949106716,56.47856145904406,48.805596260667016,immune_active,1
23.90553321972656,50.97242467516981,37.246364879556815,84.06597203426449,62.24505481709468,47.347461885309215,48.44845206679362,stromal_heavy,0
20.85105143573358,93.05952146439162,69.46518206955831,60.40914679273782,49.50555173404429,54.59538241493884,48.548627279056745,mixed,3
72.14220673287318,14.12780492755058,32.890585487369464,47.38798932886487,17.829449102520098,27.281102833883303,60.43657487004282,hypoxic,2
82.24805636343609,13.252467274184843,32.73345802885657,62.32438817928842,18.499298578037543,26.74793482645003,62.648465664527215,hypoxic,2
95.27975276012943,82.5200767415568,36.00230539383658,81.75773979412945,64.75398150168074,33.05785958671804,39.45981150105375,stromal_heavy,0
96.582216115322,43.2497878330132,59.65604576782561,60.3223720740506,40.12266716823064,45.30332303090623,49.27956222139192,mixed,3
0.03325061204894064,1.7687809613257222,21.717835674144247,56.28218171172595,25.719939596010818,19.92200281668451,57.18699859173154,hypoxic,2
99.48663171697672,5.778056099636664,26.992081592928617,47.18175486286829,17.94534421850408,28.163878920225034,56.466216213909114,hypoxic,2
17.77663878512482,69.16180555693194,47.60586068882371,86.741400329632,56.33496968361679,46.28354998517516,37.03586031310255,stromal_heavy,0
52.70414639116516,42.60833838903715,57.46333612305727,53.165606507922895,48.87617299053658,44.1494348697032,40.990097812099904,mixed,3
17.68871451438544,38.70787603356308,28.83664045740001,44.767610286877854,21.934826494272713,36.838286657350736,55.03271886971661,hypoxic,2
21.52018720172375,1.2120774643893273,82.89699619587002,35.029468834789036,69.84530501422188,50.199209958530844,60.30279308308026,immune_active,1
26.60192780053807,14.923777795017612,63.66172527210823,53.80852155811977,52.21403190510458,56.02963403808294,48.464525576444494,mixed,3
89.20846889402344,95.53346865039283,35.13077140698433,46.65463630670042,25.19952343698038,26.97192230131568,69.13004856773468,hypoxic,2
27.936771393471638,93.03188848378237,84.04464600235649,36.44773725082524,69.90825489547947,66.55891950103788,45.256390885394374,immune_active,1
61.39335847600618,6.665204056068996,69.19077269123684,34.043549303560965,70.31342698443437,60.44323348699006,58.610643028424846,immune_active,1
4.783082039410546,3.8021848237454914,83.96528190328715,46.1387612990965,69.38493038321545,60.47089720840204,50.05011651121127,immune_active,1
35.32514085020642,29.65355812876552,57.28700517784462,66.00206953972213,46.71552860514302,44.765445086590304,52.68326376263643,mixed,3
41.21309302627716,54.96160437189245,36.010202611292776,79.2763467435714,64.74254101858335,50.17426438195883,36.58203099917538,stromal_heavy,0
38.19396396528959,20.56872621955551,83.54766788653687,41.405897811347266,65.37189575112816,63.20843718577325,56.12313543613166,immune_active,1
47.825529457592374,89.5814597371882,26.094897853675548,48.1474684915524,14.947029566466963,29.664082096690414,64.15814153832234,hypoxic,2
81.17697880901376,65.64786073315027,59.86164666202869,58.17523635228557,45.80395166330497,44.775954029894834,40.16821705311999,mixed,3
38.8652798629847,16.36838014653015,61.575202445908076,59.16808335320838,49.7705960900954,60.214922626756284,43.93771360575386,mixed,3
84.6514338690278,91.89265336395545,45.67742508181385,84.18781351679186,55.931773219701626,56.06865718862921,39.29978574028881,stromal_heavy,0
55.781322551106996,18.059459817530087,59.26500608901463,58.177663687398855,45.85768615516136,54.546700090526876,58.649455772599175,mixed,3
13.172877345456191,72.59799099852955,31.500960813000972,47.35691659125121,22.931820093775467,36.19141535716818,60.10635788368031,hypoxic,2
41.34164492952615,75.81850110765373,83.30005296558559,47.17623513236268,70.81334999498766,55.71846715278426,49.106950127263275,immune_active,1
46.15574744197899,0.9331619827093296,65.08770458303377,64.14227257847553,45.366434487539095,56.43991236900969,47.885940194572285,mixed,3
31.092893000755417,74.23480505725092,42.16560267338597,85.93522055859488,55.064591148559884,57.43373567899887,48.19470413672095,stromal_heavy,0
76.09907600280938,3.531135494023907,43.1254316981083,46.0755084345888,23.241402169219295,29.395259256961094,62.09766221953514,hypoxic,2
75.62646578914526,84.19703714967088,41.15756369647786,63.24194741547661,58.56204490274906,45.29205241324677,46.05369769469543,stromal_heavy,3
59.304433418678414,39.15256981778293,33.09518599143147,58.405461574652435,16.24547225109943,35.83274295488503,57.13501097504527,hypoxic,2
40.2327124686556,87.42624706102377,68.96077955380316,60.40550122020011,48.90129848298562,48.415891193541015,48.77900082403786,mixed,3
67.64679372263622,80.49889996807697,60.55410547566901,63.89180538083319,47.244071418357336,45.90900558288846,49.98312771294524,mixed,3
69.54156483280532,74.59252088136745,30.40781517492183,56.53278730882174,15.477426555052837,28.484535278026538,55.61178790120213,hypoxic,2
22.061195271121125,59.82252940637388,43.912467473503106,80.94923918106232,62.88379033096536,59.30902891834816,34.61654915387435,stromal_heavy,0
17.82524669046416,68.59112710498637,61.51890154745253,53.11654229680959,53.58995154958085,58.37773696772243,58.39895842541979,mixed,3
29.872557358877305,94.06792451153404,43.674467517371696,77.66981749065879,52.026484663666025,52.568000532848586,37.33649580169045,stromal_heavy,0
93.73532942158644,70.60190076640247,27.566214957453575,50.70917583571452,18.628858214727344,25.003436211749314,59.73127745515438,hypoxic,2
6.895801635642118,5.705472115125431,84.06478556182824,35.11812364358314,65.53772080321548,61.775112272107584,48.89443452355749,immune_active,1
97.4834652781112,37.12070938899983,65.80110951792619,58.8035161160029,46.41088306974139,47.57819527863822,55.2652871650769,mixed,3
53.24206822752171,41.10956026007065,90.16652649301733,43.684219485462165,68.59336221440893,60.33495358612436,52.5796960885205,immune_active,1
39.34478465635915,82.78683753221728,42.71231930750118,86.27178434286357,62.04172582197389,49.976502977799136,42.23000047333593,stromal_heavy,0
56.53302545716099,46.39324866883362,76.48364238718263,40.39996690279572,71.73953058162442,55.95790087738307,48.423675778792266,immune_active,1
72.00080396631131,41.798993387048434,31.319472152270095,47.04760965727812,21.872181629772868,30.175739407122542,57.5401331543044,hypoxic,2
6.766836190000158,70.78350972297687,33.01685572105886,75.8620488967564,60.43071941523188,44.639304940071966,25.393247582526964,stromal_heavy,0
14.095962752176927,66.41879145054173,78.9957426085469,39.29152161976189,69.38410892594976,65.59631472387632,45.78690039304885,immune_active,1
51.25026487703317,80.64036172328395,45.01525654830592,76.76379681005977,59.705590950486375,46.857575680519766,43.01238604719741,stromal_heavy,0
87.21357000224765,54.48477590845157,43.97719126334644,84.04476449519498,55.12981888441062,52.29748653035346,47.91296982740796,stromal_heavy,0
2.716742122555982,6.5204591260492055,81.8993392535454,44.415548885735795,69.610814014936,59.097600432046875,65.96553783922431,immune_active,1
37.19326679168648,45.16968192316827,25.933226761055412,48.973598629025105,13.212985201068946,28.686083055087657,66.35315530329112,hypoxic,2
63.45824175503038,79.79141596158941,76.46347329835834,43.82695107085217,69.04089270896681,53.90442694340392,50.58860608690455,immune_active,1
55.78201919292014,16.603431341619547,52.17164063485892,66.48877492629836,62.71833947650764,50.914034546026684,49.529486757702415,mixed,3
65.42925523249619,15.210428322227287,58.38930212404968,70.31262459621573,44.66233542872864,50.12109728336379,57.061102777077146,mixed,3
98.84159894120765,48.53589831598871,61.83761151254685,56.91889723296696,51.94943409736197,46.1381510784285,47.4894849795056,mixed,3
73.14964903403623,18.741194409758222,32.793454830166375,51.35487269423096,21.520964597767108,39.03938079399595,61.75392587877405,hypoxic,2
98.8065566652774,90.12960107746488,53.36031743115774,65.41589298528129,53.68378877720544,47.16519512223378,50.34889606749399,mixed,3
71.20140203307808,82.59782127080818,65.21009741581469,58.805339504151526,48.16587794092656,48.04120925478089,45.387949077507486,mixed,3
19.12604179145867,61.377741881569904,49.719384465543015,71.88544376274413,63.97851570849871,53.093319687403245,37.6149881004352,stromal_heavy,0
12.626474156450273,67.6177562075434,83.33225158356694,45.97337072164011,64.39309680962607,57.989666277416646,52.62132338821584,immune_active,1
7.267087161001628,7.707801195146069,64.33923471515648,58.10956949508333,47.024491029226404,43.93761487676045,57.28977616782846,mixed,3
87.1204482263052,76.60647765353026,57.421679830788946,63.17360734280885,55.54849920978111,52.04909328464257,48.79371172690729,mixed,3
0.018839955658189744,16.90810703559925,32.195545486229676,72.85984583449617,57.13851473607967,43.39496752067415,38.80860769650209,stromal_heavy,0
11.072059332631568,42.25484283119446,34.93131004292068,78.89069548102347,62.108422341322225,47.823888835996854,43.75293426917888,stromal_heavy,0
82.60390516665719,69.93153751262037,45.01606599869512,90.2842611036551,62.84679723086219,61.17239450674654,36.117590959701786,stromal_heavy,0
70.36859774607957,54.069847664491036,70.45642451212292,58.88267008814074,48.25341601940901,49.90290197056134,48.48410108582862,mixed,3
82.45348080870322,7.424087298838645,83.72702098672701,35.570420020203606,66.72181810176573,60.743754481176076,44.00947968367891,immune_active,1
18.533017952871443,7.896916219082861,53.63420115378734,63.67152337780748,46.75334344039803,50.4156123282834,47.66448296604612,mixed,3
78.91608465887315,57.3349345635218,53.87033317507898,63.930453203705554,49.683882717585206,42.392361733038435,50.90793422974395,mixed,3
66.92002629380784,82.92867993167555,88.54580616489106,40.94790808299372,75.00523046283571,46.48383853500381,53.38937659765454,immune_active,1
91.06765794351396,46.443323622554274,58.05712948380437,55.575918166551766,48.25507651688207,48.22458050887977,49.61233092403003,mixed,3
70.26337730855164,23.74334683748063,83.17270144028612,35.17251007085472,70.15080786267562,58.71706034908913,37.986230325501566,immune_active,1
26.26756425986517,27.156876475103985,31.766036972539215,49.90107342392517,16.881972825353966,22.256185389383607,60.53089383911106,hypoxic,2
14.002409755331769,27.68143077913058,37.65223910469334,72.96841268164083,59.584472136856526,42.47639812984499,43.80027981844801,stromal_heavy,0
59.086744127104154,53.70074883513583,61.489605326299014,61.4436619735998,48.45058963178124,41.0287138474497,42.74644041128262,mixed,3
29.348882320812166,93.17537194328163,28.41623335300741,46.10424174035851,19.028342272898357,25.568898281952972,61.34330713341886,hypoxic,2
87.98626773611599,57.47795542644152,39.67964849935751,77.04862258320108,67.40284027770944,46.453248560319665,41.7192241156215,stromal_heavy,0
60.79052140907037,30.93727178627821,83.84448681612237,37.5846947415828,70.73396505992774,68.06110314127713,54.48419657932766,immune_active,1
66.52921019780553,80.03548790234066,26.648749891368812,51.33703491177732,25.66017493147518,40.995490902783516,58.97393512750402,hypoxic,2
35.47712918359842,94.1725711618925,44.28941553065715,86.13202571935192,65.7854819273198,55.880875526199596,31.330082352913237,stromal_heavy,0
50.21536099619869,13.8871326396517,32.25816350824798,44.6255047134544,21.04956044820935,38.43319592902172,62.793848922803136,hypoxic,2
29.504070765415623,48.6000493797603,64.5877260333206,57.25637546129519,50.46422450570557,50.799281959987,44.861624295370206,mixed,3
46.660778469721585,81.67232025585446,39.15705189594625,76.76155987158285,58.52011578297133,55.41803039915093,40.405314353468285,stromal_heavy,0
78.89851599207933,44.64195164015822,25.97504669534856,52.640341838731175,22.44345976354609,20.903460356676383,56.5340658638179,hypoxic,2
1.230970301607559,37.005233467425526,59.60864668098293,58.271952426516506,56.985397503666576,65.43577575099202,52.24390259283258,mixed,3
89.00970351838083,34.58774607378574,74.85182658836062,46.55154373059804,76.97841905394978,57.189159867108486,48.95389063127736,immune_active,1
59.59888421834818,10.125991461515893,30.535801138911214,55.98345408827319,21.359365813850083,35.7905542401215,55.309113122861476,hypoxic,2
14.055296757836079,48.55896996593978,80.7093052760375,40.027462751216966,67.62147368134401,59.489357799825,52.04629193798621,immune_active,1
20.886407070574,92.56373300253358,31.16351323444712,72.74513368779456,55.8090184299524,47.78190847741473,34.51938487630966,stromal_heavy,0
11.613896020052561,95.59188289553192,29.82002294011379,53.48477202255368,18.33090255121995,35.86562318793321,61.84821096099047,hypoxic,2
8.820170378987068,60.687734157692994,79.90848257989255,41.986223046207265,63.65982225249424,60.6166453719527,53.28240605917546,immune_active,1
30.233324935149376,25.933489731709447,37.546139350885596,73.69272583172446,55.67480386825503,50.30557804683694,42.469759359968606,stromal_heavy,0
16.52420504426032,58.29844261646024,37.39049092908422,82.82407074841466,63.55166248119313,54.27554316077344,34.75737943397404,stromal_heavy,0
62.06604798245841,20.131210782243325,53.99484916961538,57.67344771609973,49.470258228479324,63.221716735085174,42.48514835802423,mixed,3
13.237237903497245,59.30145003605977,31.557188416051577,85.71080014126431,57.27277000530128,49.75483313283261,41.63399454944891,stromal_heavy,0
79.42106625494054,27.576756825135696,88.14504801674634,39.37691101904935,64.1370419557363,59.93264089167421,51.952614487825,immune_active,1
49.1931100105729,30.24474782893799,76.27323646577064,53.77770800081083,40.92563477812888,59.68194651284455,53.71041484934668,mixed,3
57.727902923313124,86.55771456245522,40.937099402617186,79.72552999691857,61.427770374288286,52.60561214189669,43.22607792975028,stromal_heavy,0
80.6589342326277,47.64833837782927,54.883861169283506,56.0278697326566,44.48859839068425,45.750402271556766,53.613480047613095,mixed,3
47.68434683178171,68.77220424305607,25.688238134682777,54.75980181754901,25.505778811236432,27.950197480736133,56.26460960349179,hypoxic,2
81.97978049847275,33.34073221591105,61.05820488754324,68.62953885176188,49.381358318664134,48.217641813158345,46.93101561578562,mixed,3
75.34279222569691,76.8922782107641,80.94643947117778,45.94456685737322,73.54151923600531,61.757241037707914,55.350751191582134,immune_active,1
39.9100188073723,72.31494864646295,64.80927178102469,54.362884719267456,60.5472229732123,53.92300159218354,58.62558666129286,mixed,3
95.51152072917014,52.25765993367452,83.36030259546884,37.68365522169584,68.90278094177569,67.27510611381582,50.015420634125135,immune_active,1
47.825988419522346,14.51965128846603,64.9065706399939,66.17855869649419,52.132479094598445,48.3047734839513,42.036994578281956,mixed,3
40.510269452756646,90.61110021324971,56.212251443803595,58.67742579344694,39.98068817796623,53.17709015104613,43.80370802573264,mixed,3
3.366917821387272,21.462807325880284,87.40619274294401,37.60711277689266,72.99028848226455,55.75306542422047,49.31608362515286,immune_active,1
62.47838627894025,7.177580622651303,65.44917768225217,54.47323341223604,53.9109130397788,54.21686311078529,52.79724537997519,mixed,3
28.997011894360902,56.328893095381474,56.522653843391936,67.78549270312104,52.781087894987515,54.0611989046961,46.71544699751263,mixed,3
0.013469300448532007,51.11291392372298,72.30815000515949,38.36052641743541,70.7759534192949,64.12549132333817,45.664348921445495,immune_active,1
93.08873720608084,82.67146599310183,80.92450408464488,34.73517460799847,71.03824667702045,65.29970278029575,40.60219685994989,immune_active,1
96.40784164901082,8.928952452557294,54.054635670980765,59.67226196609498,59.908459032000145,57.843893020514244,43.35951868783126,mixed,3
67.58477464643364,13.911584889108752,62.75047528513847,58.199839426725696,47.10031482043537,45.84872405481405,51.91127469572459,mixed,3
29.805220863944314,10.536492225085647,75.98011463179631,43.07885574885571,76.01942218584408,59.302768621595,47.74905367574294,immune_active,1
38.51201199025,86.58201652223552,55.0188397188874,59.69228363059975,56.35349792546096,53.154079245723096,51.09958575302967,mixed,3
85.03480011198954,21.199405469865805,53.369524704765716,58.14704738463774,60.51903046063705,48.6349011963699,51.82562705991505,mixed,3
75.40230349283823,3.5938674921553337,83.36443108158726,39.17791779769309,71.86084340736048,57.06251092514128,48.28294450206016,immune_active,1
89.02150026361744,28.74095964655797,89.82347523984454,37.27942998942903,69.18603546963853,60.20459587697861,44.98906272109264,immune_active,1
9.986682113617817,68.80444438360138,61.45865188626704,59.084108655473855,52.51642334408324,54.06536815814749,45.70456028817965,mixed,3
59.51316749056815,0.992382112783563,65.97668059001408,62.69030860090905,49.79159598805053,60.08953981916619,51.081584407842506,mixed,3
45.49188895075871,26.72526297935953,57.79015901372895,58.31963006924982,51.15824007741991,55.48921180444136,49.041470430514316,mixed,3
12.020722912057625,26.55828329586061,76.54191215090549,40.50928147630994,77.74510075747594,53.804464621730496,42.6623736712378,immune_active,1
56.809251233786725,66.30073461417759,65.13838837400516,60.65551045342959,52.599324260061344,59.718015240915854,51.85606434028415,mixed,3
45.79957590035715,39.80052929545028,65.7661928927262,58.02085609634169,49.10187999882381,46.28432867616008,46.01498598208909,mixed,3
47.34008814949126,5.971648897088933,64.24542725225436,68.86395588218357,60.632177944866044,52.164883413638655,54.20004913372804,mixed,3
36.568074826137135,22.538126800676583,39.90789582407596,48.12401809838032,18.41142451621883,36.40821897501884,62.788455303625625,hypoxic,2
27.623732497515306,98.16533238524478,84.5172451804555,40.30304417837466,72.19191290064201,54.8414149403322,56.21591718607179,immune_active,1
89.01411373960147,70.77213502675275,75.50593405982549,34.55459941926098,69.22089262835449,60.18930957504475,52.92286313974784,immune_active,1
35.426776484104664,94.90711963148439,40.53847502823391,82.05893145522934,53.46212808054499,50.958304458673915,51.44473744856603,stromal_heavy,0
44.554163874189086,20.918546540792782,22.21618327060638,47.85377789850669,22.9427663488536,22.009378240581263,62.31086333040972,hypoxic,2
91.93874045726727,17.609547133059465,75.88784211372568,46.584794183433516,65.81686035354684,67.91612764846253,55.24992146285692,immune_active,1
71.8331175372004,24.734031581908333,28.41109697831965,56.962360814712866,25.876415539120245,31.160779748710176,53.984336989916535,hypoxic,2
85.520698501837,60.30643061705165,32.317215361804095,52.732613154860196,24.472888396218785,19.416681195515,57.55024922419733,hypoxic,2
72.88614422699469,9.539927731321063,42.343028982497955,77.81640131979702,59.66933692687089,60.49860894583258,38.76487149627002,stromal_heavy,0
90.1383096641935,15.380702464160779,47.4793889480005,42.68297020786656,31.283756982170587,28.4628827770087,59.577185004280956,hypoxic,2
35.71211593005028,78.75490858587793,26.638608639062006,52.03238738619209,12.101922462970617,36.893548731316756,53.775843808909215,hypoxic,2
90.22364034622382,87.73556122052601,32.43582220110096,53.28762206742555,22.20710749745463,25.675246741845868,58.177254267324884,hypoxic,2
43.66141897687661,58.00888346694546,52.69221911374592,68.08606287484312,50.52177968761607,45.50607975838436,43.34843187130505,mixed,3
90.37575717751422,84.58495504599676,47.1012846622098,77.32642196094677,52.90645731226263,51.068229407562356,35.6999331921073,stromal_heavy,0
85.50302016199352,20.707580921085523,54.84992712068446,60.055707815243785,53.54820645252904,56.32814767792816,48.15602031661082,mixed,3
4.76412574365066,72.67492241681967,56.73521004371094,66.06690699952497,50.31589613778258,56.55192351084985,46.977541956099756,mixed,3
42.52281854376939,3.757109039890738,59.75595205947316,61.73838241769168,47.56385717943224,46.62145960419194,50.170762087440124,mixed,3
20.056025107298293,20.357837754636044,29.85954843295989,48.89938159855015,17.031023388718378,25.171212921968703,64.05970164197646,hypoxic,2
84.84253790905247,42.262919701360914,86.68915510483059,34.68851422416813,64.00858307126421,64.31798329623295,52.89821614661324,immune_active,1
12.535647579238562,33.69647257174565,33.52682605114225,46.244369715367775,14.141650709663548,30.710077061276163,53.550069120873935,hypoxic,2
70.93208284726096,16.732130400106037,21.00268034262305,52.091991104443416,27.007992964732146,33.25225046268069,52.48459849120091,hypoxic,2
63.21594991864574,12.994137226794123,67.28354975030896,61.5590709173863,45.76285153941027,52.69403105875977,49.75696552563592,mixed,3
69.72093819096368,71.43266357349975,32.24306551659081,54.08036421696924,19.628945107253045,35.437320870157485,64.62080911927951,hypoxic,2
34.46040844475596,3.085790430807245,33.20907765120845,44.43073450199434,23.68686567630412,35.70566365765625,68.17067496744434,hypoxic,2
38.05177098698945,16.3035336931591,69.28316337931321,43.47768878782889,74.24551055371572,58.53016526167909,49.64200374070967,immune_active,1
12.438283124132433,79.75473605371994,65.37696722823038,61.815596708356786,50.65859944767158,45.505696965207036,59.41146116917094,mixed,3
96.70352752561462,5.166872165796111,80.04965509866635,49.096115916498604,70.19968198607346,58.810282263264625,51.345120340687664,immune_active,1
71.44107636265983,95.24671166878468,62.1027255461406,58.48522231007841,52.90026624224071,55.05538228775539,42.55424941619202,mixed,3
67.2702994208898,79.66813971913723,35.074594912275785,53.417846616002386,13.170221443997328,36.059719926932004,61.30625265616928,hypoxic,2
62.79933826040981,24.751007314041196,38.03842615633048,77.88743632788979,59.726936629709535,48.80050541459919,38.16749472243949,stromal_heavy,0
33.40499656687692,73.26990505902803,23.599373465334054,46.573969010702974,19.2422227249501,26.481727252167445,64.65989877479788,hypoxic,2
33.34625935960105,67.7540945503534,60.82371893732193,59.79740824982104,53.504628577185514,54.275766827410116,51.31919502124446,mixed,3
75.09397983633183,10.137289755315916,58.198126767098,55.18120536894695,45.21424542552479,51.718939407749424,49.75673824214775,mixed,3
45.01165264748111,97.71042330515733,30.565480689101186,45.3033663106703,20.219374818803576,31.893331171257056,61.705636567198546,hypoxic,2
34.652416795271826,39.76123785528706,73.56240486970351,35.857422819312504,66.68607760602816,51.26273457652467,49.359791468626945,immune_active,1
54.96062685307567,68.97788492481212,61.428449001336,54.66639445586892,49.41685033799803,46.384561351820686,47.99470574937807,mixed,3
64.85048201186882,26.74020278575413,49.35331688096234,84.05698277245796,54.25868355623691,54.0938882187743,47.68965959206277,stromal_heavy,0
52.57562195591349,24.952436683824864,79.33055536717143,34.96510263276679,63.51988189874304,62.53540629379774,52.98865854056812,immune_active,1
68.01118854469726,40.81516908666981,36.49987023362876,50.218898813569446,18.72079431548454,28.36440901705594,51.88222380988434,hypoxic,2
22.04836934733041,72.57259103641033,87.12231006566317,43.48811685366219,73.23148684701786,54.41165036494003,58.49816208322123,immune_active,1
9.26254830513672,74.83843496762313,29.93141950316866,49.342637021641664,24.13023585720753,27.81617881380891,51.96711449630661,hypoxic,2
43.83849800307613,99.62622865248768,81.31925850536967,32.377923309395115,76.09751784356122,65.1810091606586,52.935688421064235,immune_active,1
87.74700466544819,73.87231507265663,74.35763185126227,36.506975822019726,65.64741447076156,68.52507073603515,48.49598343891535,immune_active,1
59.70957701867198,59.480321467778964,22.60926456099169,44.342931943681954,18.646897102360317,34.46294758557176,50.86262822973505,hypoxic,2
20.02820178676259,61.678360785254114,59.72595682541261,64.34578032194636,54.43645418633371,46.18356947910709,50.18968917723801,mixed,3
42.74956503567592,20.62174050841399,27.018023910322576,55.371338064549334,17.898024388191864,36.813085133066835,61.650713078945365,hypoxic,2
42.76013337033373,44.25455148147456,34.47183943606187,52.69162011198463,20.921239569720512,27.60474471319123,51.132478330251935,hypoxic,2
20.109872744266745,59.023265915089276,75.99106423645499,27.849039364218648,74.89462003432712,54.9674335364521,49.85645704893886,immune_active,1
15.949226254135828,16.046261427122644,29.2313121383639,53.951859480258555,21.70025647284445,32.85306498609766,64.84092330266431,hypoxic,2
80.58445326178331,0.7964404745451126,39.479379228877384,83.8987774814441,51.885362095849516,51.767154332432064,38.642592661965324,stromal_heavy,0
78.92928483196856,30.779583168074566,60.77761212977498,54.2723089100054,43.18313687639421,53.53818211854244,50.04519093256154,mixed,3
31.860896276360716,90.35584434325304,81.54130420281246,29.216996516836062,71.42162224759616,61.089159397561076,47.45070731117858,immune_active,1
43.92106012497173,61.054675501542455,19.629620201176053,52.36816038405727,15.368094350092308,32.77756323171124,55.406567442569525,hypoxic,2
48.937644897067024,42.96085921323633,43.097832360890536,82.05365331634546,67.30869066767447,50.805257392982945,41.87139090240572,stromal_heavy,0
1.912896643728701,16.57481769652207,20.80746584098725,48.59490176364207,22.124830581237728,26.10171859769645,58.56053496779353,hypoxic,2
11.841503917593188,21.189433044010908,55.50853127083848,57.451349224074335,45.9232005486369,45.504444507863866,55.994176483556785,mixed,3
61.63004859257241,55.68784431720959,56.0503698735587,52.07008343881021,40.60037807430477,59.35482587685891,51.94807088685452,mixed,3
75.35946307457529,20.366713777268487,42.65095653671456,70.20779228932682,58.2057679154354,50.28314225906085,40.66575605712143,stromal_heavy,0
11.720390568023342,33.720657556575205,81.50710257758384,42.16744858724261,65.96966220625097,57.635742888251784,43.577848127962,immune_active,1
67.88977250778404,77.29867213055867,85.1384729675074,41.60113592749673,65.46715059111433,68.5469303327885,48.68721883216287,immune_active,1
25.327238352271507,0.9978776658449373,31.820335142842072,51.40318202245068,28.793102420975668,31.860527363034315,61.945795978339646,hypoxic,2
20.34364751360912,12.73864160003393,61.33141865224315,50.95626492178874,56.65878485197277,50.21936679914487,47.9249920883244,mixed,3
7.569972730978747,38.782608991693124,27.351418946972696,78.62148903539567,64.70348071911341,52.48082452798968,40.221339866745566,stromal_heavy,0
54.55851826691478,98.17073425211416,63.9327001349196,45.43163778977514,46.245973474561296,49.53193795358276,53.52267399551255,mixed,3
36.95741994267732,46.423851973922496,47.44882570034283,84.48533098443566,66.37437520639361,53.25760995669753,34.311571647875915,stromal_heavy,0
37.324115637923384,63.19886803961891,80.5196941707445,37.10473726026373,77.17717892919676,48.95324197088328,39.17259207143499,immune_active,1
51.80080664046248,14.032451819351499,61.52318148174025,65.3712361697233,57.63093158680831,46.39680164084025,52.6441565090651,mixed,3
34.696265973455844,39.07551523296371,77.558100893685,36.55261087608214,63.69175447080367,69.94904552121761,52.64940348193323,immune_active,1
63.239132432838744,15.647671600360058,82.06117269928356,49.04653174866555,68.90977052303813,55.761830356904575,46.7395555570347,immune_active,1
18.53727790825115,59.9771314970498,44.71284274268095,84.30228024211101,70.38689997795622,57.106414914762496,39.17114401199272,stromal_heavy,0
65.95107686407702,79.62414505413685,34.5912625635058,84.63302754022203,54.507245795968025,50.49155096119051,39.735859977126154,stromal_heavy,0
22.50418761708721,52.87244190984357,29.269816971291007,56.45188375629113,24.491409280140203,23.56832926658526,63.070128236292405,hypoxic,2
76.08513309307817,18.772240569225207,62.641964059338605,61.30221131666778,47.30579071903631,44.95722657961896,40.1868715416371,mixed,3
46.3990131464425,26.400434995946586,84.67696026899064,38.97953351492207,72.22769423264502,65.55599678326641,51.86416495899316,immune_active,1
89.79191869576658,88.81181889340358,82.35257380880401,43.353704729751016,68.53870119049115,57.65425484987095,53.223141231588485,immune_active,1
70.68378557805411,96.72635875263656,42.2472989947905,44.118483715383654,14.617684597335984,24.201227764489335,58.52040789491558,hypoxic,2
31.277798921035405,65.43420054927196,35.496886940912255,53.110349951530246,26.64466659767705,31.934042603446013,65.45490212592983,hypoxic,2
93.8413743858144,41.48151193889472,31.73816492148095,72.62481400829941,60.96784699626789,46.986570760861056,44.42121152886905,stromal_heavy,0
38.92304716917885,22.8875462483499,85.84900476294276,43.51820807896588,70.79579472666053,58.96759507411576,52.80240699402468,immune_active,1
63.3072653499513,46.92852273257904,78.49481944939548,25.35524317649451,69.39519094806639,65.62312749557931,50.03255218400448,immune_active,1
45.476434255266106,67.47863021674105,63.576819734003166,54.705462064717,57.40831701231299,59.81293595265397,50.01847835923924,mixed,3
97.42476541447562,6.9800654614628925,48.04194655678596,81.77484127378833,58.224756778139245,56.391647351593576,33.39588113060521,stromal_heavy,0
16.972842857692317,1.9144867996836679,41.18141825397993,52.615395020011974,26.654335901835836,34.232590458636686,62.498832192480116,hypoxic,2
68.5700542933644,91.02130348677566,32.19331103175542,50.67236421031456,21.072837016867574,34.84511686809394,62.22309686200706,hypoxic,2
58.31908042770976,59.284018050811014,35.204546751530565,47.670972154409185,19.245811442166524,29.630262171958037,57.74170261920189,hypoxic,2
91.56722322616498,61.631449223289636,34.05040325954593,44.61062948515637,20.20861355607849,42.812638296662584,66.06410492515933,hypoxic,2
80.26403123529296,99.72378999036027,57.482822204194,61.44326965403742,50.373881339609845,55.96248279515736,49.39943178394315,mixed,3
12.793692451178318,34.7507082425181,19.923970058222928,43.742930637578866,23.64955746441437,31.576709294503267,62.46826782653044,hypoxic,2
7.103488904400212,21.07931015500286,20.77210182337919,49.11612918442109,12.256908505681267,27.544231264289476,58.575622533151645,hypoxic,2
